Entity,Code,Year,Annual CO₂ emissions (per capita)
United States,USA,01-01-1800,0.042136
United States,USA,01-01-1801,0.043749023
United States,USA,01-01-1802,0.046463702
United States,USA,01-01-1803,0.04675338
United States,USA,01-01-1804,0.051547863
United States,USA,01-01-1805,0.05170035
United States,USA,01-01-1806,0.049647022
United States,USA,01-01-1807,0.055148073
United States,USA,01-01-1808,0.056223534
United States,USA,01-01-1809,0.05672419
United States,USA,01-01-1810,0.057195846
United States,USA,01-01-1811,0.05957973
United States,USA,01-01-1812,0.0625836
United States,USA,01-01-1813,0.06519789
United States,USA,01-01-1814,0.06802918
United States,USA,01-01-1815,0.070616506
United States,USA,01-01-1816,0.07547438
United States,USA,01-01-1817,0.079147205
United States,USA,01-01-1818,0.08329477
United States,USA,01-01-1819,0.0788342
United States,USA,01-01-1820,0.07940742
United States,USA,01-01-1821,0.08064995
United States,USA,01-01-1822,0.08181233
United States,USA,01-01-1823,0.08290245
United States,USA,01-01-1824,0.09074809
United States,USA,01-01-1825,0.09872902
United States,USA,01-01-1826,0.111148365
United States,USA,01-01-1827,0.11888613
United States,USA,01-01-1828,0.12727666
United States,USA,01-01-1829,0.13939415
United States,USA,01-01-1830,0.15767905
United States,USA,01-01-1831,0.16626401
United States,USA,01-01-1832,0.21589011
United States,USA,01-01-1833,0.2451494
United States,USA,01-01-1834,0.22857675
United States,USA,01-01-1835,0.28379282
United States,USA,01-01-1836,0.30255765
United States,USA,01-01-1837,0.33012334
United States,USA,01-01-1838,0.3045117
United States,USA,01-01-1839,0.3247494
United States,USA,01-01-1840,0.3359056
United States,USA,01-01-1841,0.34518078
United States,USA,01-01-1842,0.37302932
United States,USA,01-01-1843,0.40623948
United States,USA,01-01-1844,0.47249264
United States,USA,01-01-1845,0.5519618
United States,USA,01-01-1846,0.6075555
United States,USA,01-01-1847,0.6989572
United States,USA,01-01-1848,0.7553745
United States,USA,01-01-1849,0.79568434
United States,USA,01-01-1850,0.83870095
United States,USA,01-01-1851,1.0133029
United States,USA,01-01-1852,1.0699053
United States,USA,01-01-1853,1.1693825
United States,USA,01-01-1854,1.2480785
United States,USA,01-01-1855,1.394424
United States,USA,01-01-1856,1.4202958
United States,USA,01-01-1857,1.4139436
United States,USA,01-01-1858,1.3925428
United States,USA,01-01-1859,1.4731518
United States,USA,01-01-1860,1.5011375
United States,USA,01-01-1861,1.4090402
United States,USA,01-01-1862,1.4285618
United States,USA,01-01-1863,1.6126716
United States,USA,01-01-1864,1.6866376
United States,USA,01-01-1865,1.6529324
United States,USA,01-01-1866,1.6266301
United States,USA,01-01-1867,1.9555545
United States,USA,01-01-1868,2.1599026
United States,USA,01-01-1869,2.401964
United States,USA,01-01-1870,2.4715502
United States,USA,01-01-1871,2.524375
United States,USA,01-01-1872,3.0265274
United States,USA,01-01-1873,3.2694678
United States,USA,01-01-1874,3.0782638
United States,USA,01-01-1875,3.0432105
United States,USA,01-01-1876,2.912211
United States,USA,01-01-1877,3.1561265
United States,USA,01-01-1878,3.0182126
United States,USA,01-01-1879,3.5994267
United States,USA,01-01-1880,3.986088
United States,USA,01-01-1881,4.1242743
United States,USA,01-01-1882,4.517172
United States,USA,01-01-1883,4.764769
United States,USA,01-01-1884,4.911519
United States,USA,01-01-1885,4.885538
United States,USA,01-01-1886,5.0466657
United States,USA,01-01-1887,5.2776074
United States,USA,01-01-1888,6.2780514
United States,USA,01-01-1889,5.5148797
United States,USA,01-01-1890,6.468085
United States,USA,01-01-1891,6.7461
United States,USA,01-01-1892,6.9749255
United States,USA,01-01-1893,6.9034314
United States,USA,01-01-1894,6.3442984
United States,USA,01-01-1895,7.033352
United States,USA,01-01-1896,6.918819
United States,USA,01-01-1897,7.067037
United States,USA,01-01-1898,7.563029
United States,USA,01-01-1899,8.516529
United States,USA,01-01-1900,8.856599
United States,USA,01-01-1901,9.463163
United States,USA,01-01-1902,9.83929
United States,USA,01-01-1903,11.294751
United States,USA,01-01-1904,10.9292755
United States,USA,01-01-1905,11.993248
United States,USA,01-01-1906,12.352037
United States,USA,01-01-1907,14.090626
United States,USA,01-01-1908,12.090888
United States,USA,01-01-1909,13.149926
United States,USA,01-01-1910,14.104886
United States,USA,01-01-1911,13.743023
United States,USA,01-01-1912,14.455241
United States,USA,01-01-1913,15.308516
United States,USA,01-01-1914,13.795953
United States,USA,01-01-1915,14.121179
United States,USA,01-01-1916,15.469336
United States,USA,01-01-1917,16.785204
United States,USA,01-01-1918,17.309261
United States,USA,01-01-1919,14.442194
United States,USA,01-01-1920,16.730282
United States,USA,01-01-1921,13.506341
United States,USA,01-01-1922,13.424879
United States,USA,01-01-1923,17.478342
United States,USA,01-01-1924,15.423299
United States,USA,01-01-1925,15.735723
United States,USA,01-01-1926,16.812035
United States,USA,01-01-1927,16.192951
United States,USA,01-01-1928,15.685378
United States,USA,01-01-1929,16.603048
United States,USA,01-01-1930,14.58597
United States,USA,01-01-1931,12.289558
United States,USA,01-01-1932,10.321664
United States,USA,01-01-1933,10.991698
United States,USA,01-01-1934,11.621933
United States,USA,01-01-1935,11.991493
United States,USA,01-01-1936,13.672
United States,USA,01-01-1937,14.204154
United States,USA,01-01-1938,11.926593
United States,USA,01-01-1939,13.037762
United States,USA,01-01-1940,14.487894
United States,USA,01-01-1941,15.615902
United States,USA,01-01-1942,16.58958
United States,USA,01-01-1943,16.911407
United States,USA,01-01-1944,17.948437
United States,USA,01-01-1945,17.084375
United States,USA,01-01-1946,16.121332
United States,USA,01-01-1947,17.508738
United States,USA,01-01-1948,17.940481
United States,USA,01-01-1949,14.822593
United States,USA,01-01-1950,17.139591
United States,USA,01-01-1951,17.388702
United States,USA,01-01-1952,16.68099
United States,USA,01-01-1953,16.808949
United States,USA,01-01-1954,15.735587
United States,USA,01-01-1955,16.932928
United States,USA,01-01-1956,17.432253
United States,USA,01-01-1957,16.985847
United States,USA,01-01-1958,16.145485
United States,USA,01-01-1959,16.33884
United States,USA,01-01-1960,16.444399
United States,USA,01-01-1961,16.11992
United States,USA,01-01-1962,16.457443
United States,USA,01-01-1963,16.931978
United States,USA,01-01-1964,17.430368
United States,USA,01-01-1965,17.920338
United States,USA,01-01-1966,18.617542
United States,USA,01-01-1967,19.12176
United States,USA,01-01-1968,19.622215
United States,USA,01-01-1969,20.39401
United States,USA,01-01-1970,21.662867
United States,USA,01-01-1971,21.514513
United States,USA,01-01-1972,22.28148
United States,USA,01-01-1973,23.08134
United States,USA,01-01-1974,22.081156
United States,USA,01-01-1975,21.196472
United States,USA,01-01-1976,22.262001
United States,USA,01-01-1977,22.696455
United States,USA,01-01-1978,22.679413
United States,USA,01-01-1979,22.718729
United States,USA,01-01-1980,21.549501
United States,USA,01-01-1981,20.76817
United States,USA,01-01-1982,19.505571
United States,USA,01-01-1983,19.225763
United States,USA,01-01-1984,20.029423
United States,USA,01-01-1985,19.786129
United States,USA,01-01-1986,19.634436
United States,USA,01-01-1987,20.11944
United States,USA,01-01-1988,20.845224
United States,USA,01-01-1989,20.951706
United States,USA,01-01-1990,20.642052
United States,USA,01-01-1991,20.126223
United States,USA,01-01-1992,20.277145
United States,USA,01-01-1993,20.375822
United States,USA,01-01-1994,20.452991
United States,USA,01-01-1995,20.421772
United States,USA,01-01-1996,20.867321
United States,USA,01-01-1997,20.881931
United States,USA,01-01-1998,20.785181
United States,USA,01-01-1999,20.789043
United States,USA,01-01-2000,21.282457
United States,USA,01-01-2001,20.694746
United States,USA,01-01-2002,20.621824
United States,USA,01-01-2003,20.645628
United States,USA,01-01-2004,20.79503
United States,USA,01-01-2005,20.658026
United States,USA,01-01-2006,20.192238
United States,USA,01-01-2007,20.248577
United States,USA,01-01-2008,19.349745
United States,USA,01-01-2009,17.76503
United States,USA,01-01-2010,18.25202
United States,USA,01-01-2011,17.669733
United States,USA,01-01-2012,16.876879
United States,USA,01-01-2013,17.158995
United States,USA,01-01-2014,17.168007
United States,USA,01-01-2015,16.562983
United States,USA,01-01-2016,16.053692
United States,USA,01-01-2017,15.804429
United States,USA,01-01-2018,16.191355
United States,USA,01-01-2019,15.739861
United States,USA,01-01-2020,14.034053
United States,USA,01-01-2021,14.9324875
United States,USA,01-01-2022,14.949616
United States,USA,01-01-2023,15.1694745
